<annotation>
    <folder>approach1_frames</folder>
    <filename>frame176.jpg</filename>
    <size>
        <width>1720</width>
        <height>1080</height>
        <depth>3</depth>
    </size>
    <segmented>0</segmented>
    <object>
        <name>start_tick</name>
        <pose>Unspecified</pose>
        <truncated>0</truncated>
        <occluded>0</occluded>
        <difficult>0</difficult>
        <bndbox>
            <xmin>848</xmin>
            <ymin>384</ymin>
            <xmax>891</xmax>
            <ymax>679</ymax>
        </bndbox>
    </object>
    <object>
        <name>start_gate</name>
        <pose>Unspecified</pose>
        <truncated>0</truncated>
        <occluded>0</occluded>
        <difficult>0</difficult>
        <bndbox>
            <xmin>56</xmin>
            <ymin>408</ymin>
            <xmax>1410</xmax>
            <ymax>1080</ymax>
        </bndbox>
    </object>
</annotation>