<annotation>
    <folder>approach1_frames</folder>
    <filename>frame170.jpg</filename>
    <size>
        <width>1720</width>
        <height>1080</height>
        <depth>3</depth>
    </size>
    <segmented>0</segmented>
    <object>
        <name>start_tick</name>
        <pose>Unspecified</pose>
        <truncated>0</truncated>
        <occluded>0</occluded>
        <difficult>0</difficult>
        <bndbox>
            <xmin>857</xmin>
            <ymin>394</ymin>
            <xmax>898</xmax>
            <ymax>673</ymax>
        </bndbox>
    </object>
    <object>
        <name>start_gate</name>
        <pose>Unspecified</pose>
        <truncated>0</truncated>
        <occluded>0</occluded>
        <difficult>0</difficult>
        <bndbox>
            <xmin>103</xmin>
            <ymin>416</ymin>
            <xmax>1400</xmax>
            <ymax>1063</ymax>
        </bndbox>
    </object>
</annotation>