<annotation>
    <folder>approach1_frames</folder>
    <filename>frame147.jpg</filename>
    <size>
        <width>1720</width>
        <height>1080</height>
        <depth>3</depth>
    </size>
    <segmented>0</segmented>
    <object>
        <name>start_tick</name>
        <pose>Unspecified</pose>
        <truncated>0</truncated>
        <occluded>0</occluded>
        <difficult>0</difficult>
        <bndbox>
            <xmin>862</xmin>
            <ymin>438</ymin>
            <xmax>902</xmax>
            <ymax>681</ymax>
        </bndbox>
    </object>
    <object>
        <name>start_gate</name>
        <pose>Unspecified</pose>
        <truncated>0</truncated>
        <occluded>0</occluded>
        <difficult>0</difficult>
        <bndbox>
            <xmin>244</xmin>
            <ymin>461</ymin>
            <xmax>1324</xmax>
            <ymax>997</ymax>
        </bndbox>
    </object>
</annotation>