<annotation>
    <folder>approach1_frames</folder>
    <filename>frame112.jpg</filename>
    <size>
        <width>1720</width>
        <height>1080</height>
        <depth>3</depth>
    </size>
    <segmented>0</segmented>
    <object>
        <name>start_tick</name>
        <pose>Unspecified</pose>
        <truncated>0</truncated>
        <occluded>0</occluded>
        <difficult>0</difficult>
        <bndbox>
            <xmin>805</xmin>
            <ymin>419</ymin>
            <xmax>859</xmax>
            <ymax>619</ymax>
        </bndbox>
    </object>
    <object>
        <name>start_gate</name>
        <pose>Unspecified</pose>
        <truncated>0</truncated>
        <occluded>0</occluded>
        <difficult>0</difficult>
        <bndbox>
            <xmin>334</xmin>
            <ymin>436</ymin>
            <xmax>1191</xmax>
            <ymax>880</ymax>
        </bndbox>
    </object>
</annotation>