<annotation>
    <folder>approach1_frames</folder>
    <filename>frame118.jpg</filename>
    <size>
        <width>1720</width>
        <height>1080</height>
        <depth>3</depth>
    </size>
    <segmented>0</segmented>
    <object>
        <name>start_tick</name>
        <pose>Unspecified</pose>
        <truncated>0</truncated>
        <occluded>0</occluded>
        <difficult>0</difficult>
        <bndbox>
            <xmin>846</xmin>
            <ymin>418</ymin>
            <xmax>896</xmax>
            <ymax>644</ymax>
        </bndbox>
    </object>
    <object>
        <name>start_gate</name>
        <pose>Unspecified</pose>
        <truncated>0</truncated>
        <occluded>0</occluded>
        <difficult>0</difficult>
        <bndbox>
            <xmin>351</xmin>
            <ymin>451</ymin>
            <xmax>1242</xmax>
            <ymax>904</ymax>
        </bndbox>
    </object>
</annotation>