<annotation>
    <folder>approach1_frames</folder>
    <filename>frame7.jpg</filename>
    <size>
        <width>1720</width>
        <height>1080</height>
        <depth>3</depth>
    </size>
    <segmented>0</segmented>
    <object>
        <name>start_gate</name>
        <pose>Unspecified</pose>
        <truncated>0</truncated>
        <occluded>0</occluded>
        <difficult>0</difficult>
        <bndbox>
            <xmin>784</xmin>
            <ymin>487</ymin>
            <xmax>1284</xmax>
            <ymax>746</ymax>
        </bndbox>
    </object>
</annotation>