<annotation>
    <folder>approach1_frames</folder>
    <filename>frame133.jpg</filename>
    <size>
        <width>1720</width>
        <height>1080</height>
        <depth>3</depth>
    </size>
    <segmented>0</segmented>
    <object>
        <name>start_tick</name>
        <pose>Unspecified</pose>
        <truncated>0</truncated>
        <occluded>0</occluded>
        <difficult>0</difficult>
        <bndbox>
            <xmin>836</xmin>
            <ymin>449</ymin>
            <xmax>898</xmax>
            <ymax>704</ymax>
        </bndbox>
    </object>
    <object>
        <name>start_gate</name>
        <pose>Unspecified</pose>
        <truncated>0</truncated>
        <occluded>0</occluded>
        <difficult>0</difficult>
        <bndbox>
            <xmin>281</xmin>
            <ymin>488</ymin>
            <xmax>1268</xmax>
            <ymax>992</ymax>
        </bndbox>
    </object>
</annotation>