<annotation>
    <folder>approach1_frames</folder>
    <filename>frame99.jpg</filename>
    <size>
        <width>1720</width>
        <height>1080</height>
        <depth>3</depth>
    </size>
    <segmented>0</segmented>
    <object>
        <name>start_tick</name>
        <pose>Unspecified</pose>
        <truncated>0</truncated>
        <occluded>0</occluded>
        <difficult>0</difficult>
        <bndbox>
            <xmin>756</xmin>
            <ymin>415</ymin>
            <xmax>803</xmax>
            <ymax>603</ymax>
        </bndbox>
    </object>
    <object>
        <name>start_gate</name>
        <pose>Unspecified</pose>
        <truncated>0</truncated>
        <occluded>0</occluded>
        <difficult>0</difficult>
        <bndbox>
            <xmin>316</xmin>
            <ymin>441</ymin>
            <xmax>1103</xmax>
            <ymax>839</ymax>
        </bndbox>
    </object>
</annotation>