<annotation>
    <folder>approach1_frames</folder>
    <filename>frame58.jpg</filename>
    <size>
        <width>1720</width>
        <height>1080</height>
        <depth>3</depth>
    </size>
    <segmented>0</segmented>
    <object>
        <name>start_gate</name>
        <pose>Unspecified</pose>
        <truncated>0</truncated>
        <occluded>0</occluded>
        <difficult>0</difficult>
        <bndbox>
            <xmin>894</xmin>
            <ymin>430</ymin>
            <xmax>1513</xmax>
            <ymax>741</ymax>
        </bndbox>
    </object>
</annotation>