<annotation>
    <folder>approach1_frames</folder>
    <filename>frame111.jpg</filename>
    <size>
        <width>1720</width>
        <height>1080</height>
        <depth>3</depth>
    </size>
    <segmented>0</segmented>
    <object>
        <name>start_tick</name>
        <pose>Unspecified</pose>
        <truncated>0</truncated>
        <occluded>0</occluded>
        <difficult>0</difficult>
        <bndbox>
            <xmin>797</xmin>
            <ymin>397</ymin>
            <xmax>843</xmax>
            <ymax>618</ymax>
        </bndbox>
    </object>
    <object>
        <name>start_gate</name>
        <pose>Unspecified</pose>
        <truncated>0</truncated>
        <occluded>0</occluded>
        <difficult>0</difficult>
        <bndbox>
            <xmin>335</xmin>
            <ymin>437</ymin>
            <xmax>1155</xmax>
            <ymax>858</ymax>
        </bndbox>
    </object>
</annotation>