<annotation>
    <folder>approach1_frames</folder>
    <filename>frame163.jpg</filename>
    <size>
        <width>1720</width>
        <height>1080</height>
        <depth>3</depth>
    </size>
    <segmented>0</segmented>
    <object>
        <name>start_tick</name>
        <pose>Unspecified</pose>
        <truncated>0</truncated>
        <occluded>0</occluded>
        <difficult>0</difficult>
        <bndbox>
            <xmin>851</xmin>
            <ymin>392</ymin>
            <xmax>896</xmax>
            <ymax>676</ymax>
        </bndbox>
    </object>
    <object>
        <name>start_gate</name>
        <pose>Unspecified</pose>
        <truncated>0</truncated>
        <occluded>0</occluded>
        <difficult>0</difficult>
        <bndbox>
            <xmin>166</xmin>
            <ymin>426</ymin>
            <xmax>1359</xmax>
            <ymax>1029</ymax>
        </bndbox>
    </object>
</annotation>