<annotation>
    <folder>approach1_frames</folder>
    <filename>frame166.jpg</filename>
    <size>
        <width>1720</width>
        <height>1080</height>
        <depth>3</depth>
    </size>
    <segmented>0</segmented>
    <object>
        <name>start_tick</name>
        <pose>Unspecified</pose>
        <truncated>0</truncated>
        <occluded>0</occluded>
        <difficult>0</difficult>
        <bndbox>
            <xmin>854</xmin>
            <ymin>394</ymin>
            <xmax>900</xmax>
            <ymax>667</ymax>
        </bndbox>
    </object>
    <object>
        <name>start_gate</name>
        <pose>Unspecified</pose>
        <truncated>0</truncated>
        <occluded>0</occluded>
        <difficult>0</difficult>
        <bndbox>
            <xmin>152</xmin>
            <ymin>424</ymin>
            <xmax>1372</xmax>
            <ymax>1043</ymax>
        </bndbox>
    </object>
</annotation>