<annotation>
    <folder>approach1_frames</folder>
    <filename>frame106.jpg</filename>
    <size>
        <width>1720</width>
        <height>1080</height>
        <depth>3</depth>
    </size>
    <segmented>0</segmented>
    <object>
        <name>start_tick</name>
        <pose>Unspecified</pose>
        <truncated>0</truncated>
        <occluded>0</occluded>
        <difficult>0</difficult>
        <bndbox>
            <xmin>743</xmin>
            <ymin>364</ymin>
            <xmax>802</xmax>
            <ymax>604</ymax>
        </bndbox>
    </object>
    <object>
        <name>start_gate</name>
        <pose>Unspecified</pose>
        <truncated>0</truncated>
        <occluded>0</occluded>
        <difficult>0</difficult>
        <bndbox>
            <xmin>303</xmin>
            <ymin>434</ymin>
            <xmax>1104</xmax>
            <ymax>842</ymax>
        </bndbox>
    </object>
</annotation>