<annotation>
    <folder>approach1_frames</folder>
    <filename>frame103.jpg</filename>
    <size>
        <width>1720</width>
        <height>1080</height>
        <depth>3</depth>
    </size>
    <segmented>0</segmented>
    <object>
        <name>start_tick</name>
        <pose>Unspecified</pose>
        <truncated>0</truncated>
        <occluded>0</occluded>
        <difficult>0</difficult>
        <bndbox>
            <xmin>728</xmin>
            <ymin>365</ymin>
            <xmax>806</xmax>
            <ymax>604</ymax>
        </bndbox>
    </object>
    <object>
        <name>start_gate</name>
        <pose>Unspecified</pose>
        <truncated>0</truncated>
        <occluded>0</occluded>
        <difficult>0</difficult>
        <bndbox>
            <xmin>310</xmin>
            <ymin>425</ymin>
            <xmax>1083</xmax>
            <ymax>830</ymax>
        </bndbox>
    </object>
</annotation>