<annotation>
    <folder>approach1_frames</folder>
    <filename>frame152.jpg</filename>
    <size>
        <width>1720</width>
        <height>1080</height>
        <depth>3</depth>
    </size>
    <segmented>0</segmented>
    <object>
        <name>start_tick</name>
        <pose>Unspecified</pose>
        <truncated>0</truncated>
        <occluded>0</occluded>
        <difficult>0</difficult>
        <bndbox>
            <xmin>858</xmin>
            <ymin>424</ymin>
            <xmax>899</xmax>
            <ymax>681</ymax>
        </bndbox>
    </object>
    <object>
        <name>start_gate</name>
        <pose>Unspecified</pose>
        <truncated>0</truncated>
        <occluded>0</occluded>
        <difficult>0</difficult>
        <bndbox>
            <xmin>223</xmin>
            <ymin>454</ymin>
            <xmax>1330</xmax>
            <ymax>1014</ymax>
        </bndbox>
    </object>
</annotation>