<annotation>
    <folder>approach1_frames</folder>
    <filename>frame126.jpg</filename>
    <size>
        <width>1720</width>
        <height>1080</height>
        <depth>3</depth>
    </size>
    <segmented>0</segmented>
    <object>
        <name>start_tick</name>
        <pose>Unspecified</pose>
        <truncated>0</truncated>
        <occluded>0</occluded>
        <difficult>0</difficult>
        <bndbox>
            <xmin>816</xmin>
            <ymin>515</ymin>
            <xmax>859</xmax>
            <ymax>756</ymax>
        </bndbox>
    </object>
    <object>
        <name>start_gate</name>
        <pose>Unspecified</pose>
        <truncated>0</truncated>
        <occluded>0</occluded>
        <difficult>0</difficult>
        <bndbox>
            <xmin>248</xmin>
            <ymin>561</ymin>
            <xmax>1229</xmax>
            <ymax>1050</ymax>
        </bndbox>
    </object>
</annotation>