<annotation>
    <folder>approach1_frames</folder>
    <filename>frame80.jpg</filename>
    <size>
        <width>1720</width>
        <height>1080</height>
        <depth>3</depth>
    </size>
    <segmented>0</segmented>
    <object>
        <name>start_tick</name>
        <pose>Unspecified</pose>
        <truncated>0</truncated>
        <occluded>0</occluded>
        <difficult>0</difficult>
        <bndbox>
            <xmin>1157</xmin>
            <ymin>495</ymin>
            <xmax>1181</xmax>
            <ymax>626</ymax>
        </bndbox>
    </object>
    <object>
        <name>start_gate</name>
        <pose>Unspecified</pose>
        <truncated>0</truncated>
        <occluded>0</occluded>
        <difficult>0</difficult>
        <bndbox>
            <xmin>791</xmin>
            <ymin>467</ymin>
            <xmax>1477</xmax>
            <ymax>804</ymax>
        </bndbox>
    </object>
</annotation>