<annotation>
    <folder>approach1_frames</folder>
    <filename>frame190.jpg</filename>
    <size>
        <width>1720</width>
        <height>1080</height>
        <depth>3</depth>
    </size>
    <segmented>0</segmented>
    <object>
        <name>start_tick</name>
        <pose>Unspecified</pose>
        <truncated>0</truncated>
        <occluded>0</occluded>
        <difficult>0</difficult>
        <bndbox>
            <xmin>855</xmin>
            <ymin>389</ymin>
            <xmax>917</xmax>
            <ymax>734</ymax>
        </bndbox>
    </object>
    <object>
        <name>start_gate</name>
        <pose>Unspecified</pose>
        <truncated>0</truncated>
        <occluded>0</occluded>
        <difficult>0</difficult>
        <bndbox>
            <xmin>4</xmin>
            <ymin>403</ymin>
            <xmax>1536</xmax>
            <ymax>1079</ymax>
        </bndbox>
    </object>
</annotation>