<annotation>
    <folder>approach1_frames</folder>
    <filename>frame136.jpg</filename>
    <size>
        <width>1720</width>
        <height>1080</height>
        <depth>3</depth>
    </size>
    <segmented>0</segmented>
    <object>
        <name>start_tick</name>
        <pose>Unspecified</pose>
        <truncated>0</truncated>
        <occluded>0</occluded>
        <difficult>0</difficult>
        <bndbox>
            <xmin>864</xmin>
            <ymin>431</ymin>
            <xmax>909</xmax>
            <ymax>682</ymax>
        </bndbox>
    </object>
    <object>
        <name>start_gate</name>
        <pose>Unspecified</pose>
        <truncated>0</truncated>
        <occluded>0</occluded>
        <difficult>0</difficult>
        <bndbox>
            <xmin>314</xmin>
            <ymin>474</ymin>
            <xmax>1297</xmax>
            <ymax>969</ymax>
        </bndbox>
    </object>
</annotation>