<annotation>
    <folder>approach1_frames</folder>
    <filename>frame149.jpg</filename>
    <size>
        <width>1720</width>
        <height>1080</height>
        <depth>3</depth>
    </size>
    <segmented>0</segmented>
    <object>
        <name>start_tick</name>
        <pose>Unspecified</pose>
        <truncated>0</truncated>
        <occluded>0</occluded>
        <difficult>0</difficult>
        <bndbox>
            <xmin>865</xmin>
            <ymin>435</ymin>
            <xmax>898</xmax>
            <ymax>682</ymax>
        </bndbox>
    </object>
    <object>
        <name>start_gate</name>
        <pose>Unspecified</pose>
        <truncated>0</truncated>
        <occluded>0</occluded>
        <difficult>0</difficult>
        <bndbox>
            <xmin>235</xmin>
            <ymin>459</ymin>
            <xmax>1325</xmax>
            <ymax>1008</ymax>
        </bndbox>
    </object>
</annotation>