<annotation>
    <folder>approach1_frames</folder>
    <filename>frame183.jpg</filename>
    <size>
        <width>1720</width>
        <height>1080</height>
        <depth>3</depth>
    </size>
    <segmented>0</segmented>
    <object>
        <name>start_tick</name>
        <pose>Unspecified</pose>
        <truncated>0</truncated>
        <occluded>0</occluded>
        <difficult>0</difficult>
        <bndbox>
            <xmin>857</xmin>
            <ymin>396</ymin>
            <xmax>906</xmax>
            <ymax>713</ymax>
        </bndbox>
    </object>
    <object>
        <name>start_gate</name>
        <pose>Unspecified</pose>
        <truncated>0</truncated>
        <occluded>0</occluded>
        <difficult>0</difficult>
        <bndbox>
            <xmin>1</xmin>
            <ymin>411</ymin>
            <xmax>1481</xmax>
            <ymax>1079</ymax>
        </bndbox>
    </object>
</annotation>