<annotation>
    <folder>approach1_frames</folder>
    <filename>frame117.jpg</filename>
    <size>
        <width>1720</width>
        <height>1080</height>
        <depth>3</depth>
    </size>
    <segmented>0</segmented>
    <object>
        <name>start_tick</name>
        <pose>Unspecified</pose>
        <truncated>0</truncated>
        <occluded>0</occluded>
        <difficult>0</difficult>
        <bndbox>
            <xmin>850</xmin>
            <ymin>432</ymin>
            <xmax>888</xmax>
            <ymax>642</ymax>
        </bndbox>
    </object>
    <object>
        <name>start_gate</name>
        <pose>Unspecified</pose>
        <truncated>0</truncated>
        <occluded>0</occluded>
        <difficult>0</difficult>
        <bndbox>
            <xmin>348</xmin>
            <ymin>452</ymin>
            <xmax>1245</xmax>
            <ymax>906</ymax>
        </bndbox>
    </object>
</annotation>