<annotation>
    <folder>approach1_frames</folder>
    <filename>frame169.jpg</filename>
    <size>
        <width>1720</width>
        <height>1080</height>
        <depth>3</depth>
    </size>
    <segmented>0</segmented>
    <object>
        <name>start_tick</name>
        <pose>Unspecified</pose>
        <truncated>0</truncated>
        <occluded>0</occluded>
        <difficult>0</difficult>
        <bndbox>
            <xmin>852</xmin>
            <ymin>388</ymin>
            <xmax>902</xmax>
            <ymax>677</ymax>
        </bndbox>
    </object>
    <object>
        <name>start_gate</name>
        <pose>Unspecified</pose>
        <truncated>0</truncated>
        <occluded>0</occluded>
        <difficult>0</difficult>
        <bndbox>
            <xmin>108</xmin>
            <ymin>415</ymin>
            <xmax>1401</xmax>
            <ymax>1065</ymax>
        </bndbox>
    </object>
</annotation>