<annotation>
    <folder>approach1_frames</folder>
    <filename>frame132.jpg</filename>
    <size>
        <width>1720</width>
        <height>1080</height>
        <depth>3</depth>
    </size>
    <segmented>0</segmented>
    <object>
        <name>start_gate</name>
        <pose>Unspecified</pose>
        <truncated>0</truncated>
        <occluded>0</occluded>
        <difficult>0</difficult>
        <bndbox>
            <xmin>293</xmin>
            <ymin>497</ymin>
            <xmax>1260</xmax>
            <ymax>988</ymax>
        </bndbox>
    </object>
    <object>
        <name>start_tick</name>
        <pose>Unspecified</pose>
        <truncated>0</truncated>
        <occluded>0</occluded>
        <difficult>0</difficult>
        <bndbox>
            <xmin>843</xmin>
            <ymin>464</ymin>
            <xmax>889</xmax>
            <ymax>692</ymax>
        </bndbox>
    </object>
</annotation>