<annotation>
    <folder>approach1_frames</folder>
    <filename>frame113.jpg</filename>
    <size>
        <width>1720</width>
        <height>1080</height>
        <depth>3</depth>
    </size>
    <segmented>0</segmented>
    <object>
        <name>start_tick</name>
        <pose>Unspecified</pose>
        <truncated>0</truncated>
        <occluded>0</occluded>
        <difficult>0</difficult>
        <bndbox>
            <xmin>802</xmin>
            <ymin>400</ymin>
            <xmax>864</xmax>
            <ymax>624</ymax>
        </bndbox>
    </object>
    <object>
        <name>start_gate</name>
        <pose>Unspecified</pose>
        <truncated>0</truncated>
        <occluded>0</occluded>
        <difficult>0</difficult>
        <bndbox>
            <xmin>330</xmin>
            <ymin>437</ymin>
            <xmax>1182</xmax>
            <ymax>876</ymax>
        </bndbox>
    </object>
</annotation>