<annotation>
    <folder>approach1_frames</folder>
    <filename>frame172.jpg</filename>
    <size>
        <width>1720</width>
        <height>1080</height>
        <depth>3</depth>
    </size>
    <segmented>0</segmented>
    <object>
        <name>start_tick</name>
        <pose>Unspecified</pose>
        <truncated>0</truncated>
        <occluded>0</occluded>
        <difficult>0</difficult>
        <bndbox>
            <xmin>844</xmin>
            <ymin>390</ymin>
            <xmax>905</xmax>
            <ymax>680</ymax>
        </bndbox>
    </object>
    <object>
        <name>start_gate</name>
        <pose>Unspecified</pose>
        <truncated>0</truncated>
        <occluded>0</occluded>
        <difficult>0</difficult>
        <bndbox>
            <xmin>81</xmin>
            <ymin>415</ymin>
            <xmax>1411</xmax>
            <ymax>1074</ymax>
        </bndbox>
    </object>
</annotation>