<annotation>
    <folder>approach1_frames</folder>
    <filename>frame110.jpg</filename>
    <size>
        <width>1720</width>
        <height>1080</height>
        <depth>3</depth>
    </size>
    <segmented>0</segmented>
    <object>
        <name>start_tick</name>
        <pose>Unspecified</pose>
        <truncated>0</truncated>
        <occluded>0</occluded>
        <difficult>0</difficult>
        <bndbox>
            <xmin>789</xmin>
            <ymin>389</ymin>
            <xmax>844</xmax>
            <ymax>615</ymax>
        </bndbox>
    </object>
    <object>
        <name>start_gate</name>
        <pose>Unspecified</pose>
        <truncated>0</truncated>
        <occluded>0</occluded>
        <difficult>0</difficult>
        <bndbox>
            <xmin>328</xmin>
            <ymin>431</ymin>
            <xmax>1169</xmax>
            <ymax>861</ymax>
        </bndbox>
    </object>
</annotation>