<annotation>
    <folder>approach1_frames</folder>
    <filename>frame165.jpg</filename>
    <size>
        <width>1720</width>
        <height>1080</height>
        <depth>3</depth>
    </size>
    <segmented>0</segmented>
    <object>
        <name>start_tick</name>
        <pose>Unspecified</pose>
        <truncated>0</truncated>
        <occluded>0</occluded>
        <difficult>0</difficult>
        <bndbox>
            <xmin>855</xmin>
            <ymin>382</ymin>
            <xmax>900</xmax>
            <ymax>669</ymax>
        </bndbox>
    </object>
    <object>
        <name>start_gate</name>
        <pose>Unspecified</pose>
        <truncated>0</truncated>
        <occluded>0</occluded>
        <difficult>0</difficult>
        <bndbox>
            <xmin>152</xmin>
            <ymin>424</ymin>
            <xmax>1371</xmax>
            <ymax>1039</ymax>
        </bndbox>
    </object>
</annotation>