<annotation>
	<folder>pics</folder>
	<filename>frame207.jpg</filename>
	<path>C:\Users\Matthew\Desktop\pics\frame207.jpg</path>
	<source>
		<database>Unknown</database>
	</source>
	<size>
		<width>1720</width>
		<height>1080</height>
		<depth>3</depth>
	</size>
	<segmented>0</segmented>
	<object>
		<name>start_gate</name>
		<pose>Unspecified</pose>
		<truncated>1</truncated>
		<difficult>0</difficult>
		<bndbox>
			<xmin>1</xmin>
			<ymin>410</ymin>
			<xmax>1710</xmax>
			<ymax>1080</ymax>
		</bndbox>
	</object>
	<object>
		<name>start_tick</name>
		<pose>Unspecified</pose>
		<truncated>0</truncated>
		<difficult>0</difficult>
		<bndbox>
			<xmin>868</xmin>
			<ymin>394</ymin>
			<xmax>955</xmax>
			<ymax>818</ymax>
		</bndbox>
	</object>
</annotation>
