<annotation>
    <folder>approach1_frames</folder>
    <filename>frame101.jpg</filename>
    <size>
        <width>1720</width>
        <height>1080</height>
        <depth>3</depth>
    </size>
    <segmented>0</segmented>
    <object>
        <name>start_tick</name>
        <pose>Unspecified</pose>
        <truncated>0</truncated>
        <occluded>0</occluded>
        <difficult>0</difficult>
        <bndbox>
            <xmin>741</xmin>
            <ymin>361</ymin>
            <xmax>813</xmax>
            <ymax>600</ymax>
        </bndbox>
    </object>
    <object>
        <name>start_gate</name>
        <pose>Unspecified</pose>
        <truncated>0</truncated>
        <occluded>0</occluded>
        <difficult>0</difficult>
        <bndbox>
            <xmin>320</xmin>
            <ymin>437</ymin>
            <xmax>1095</xmax>
            <ymax>842</ymax>
        </bndbox>
    </object>
</annotation>