<annotation>
    <folder>approach1_frames</folder>
    <filename>frame153.jpg</filename>
    <size>
        <width>1720</width>
        <height>1080</height>
        <depth>3</depth>
    </size>
    <segmented>0</segmented>
    <object>
        <name>start_tick</name>
        <pose>Unspecified</pose>
        <truncated>0</truncated>
        <occluded>0</occluded>
        <difficult>0</difficult>
        <bndbox>
            <xmin>854</xmin>
            <ymin>423</ymin>
            <xmax>904</xmax>
            <ymax>680</ymax>
        </bndbox>
    </object>
    <object>
        <name>start_gate</name>
        <pose>Unspecified</pose>
        <truncated>0</truncated>
        <occluded>0</occluded>
        <difficult>0</difficult>
        <bndbox>
            <xmin>223</xmin>
            <ymin>450</ymin>
            <xmax>1332</xmax>
            <ymax>1013</ymax>
        </bndbox>
    </object>
</annotation>