<annotation>
    <folder>approach1_frames</folder>
    <filename>frame120.jpg</filename>
    <size>
        <width>1720</width>
        <height>1080</height>
        <depth>3</depth>
    </size>
    <segmented>0</segmented>
    <object>
        <name>start_tick</name>
        <pose>Unspecified</pose>
        <truncated>0</truncated>
        <occluded>0</occluded>
        <difficult>0</difficult>
        <bndbox>
            <xmin>847</xmin>
            <ymin>443</ymin>
            <xmax>892</xmax>
            <ymax>686</ymax>
        </bndbox>
    </object>
    <object>
        <name>start_gate</name>
        <pose>Unspecified</pose>
        <truncated>0</truncated>
        <occluded>0</occluded>
        <difficult>0</difficult>
        <bndbox>
            <xmin>334</xmin>
            <ymin>497</ymin>
            <xmax>1255</xmax>
            <ymax>952</ymax>
        </bndbox>
    </object>
</annotation>