<annotation>
    <folder>approach1_frames</folder>
    <filename>frame94.jpg</filename>
    <size>
        <width>1720</width>
        <height>1080</height>
        <depth>3</depth>
    </size>
    <segmented>0</segmented>
    <object>
        <name>start_tick</name>
        <pose>Unspecified</pose>
        <truncated>0</truncated>
        <occluded>0</occluded>
        <difficult>0</difficult>
        <bndbox>
            <xmin>824</xmin>
            <ymin>443</ymin>
            <xmax>868</xmax>
            <ymax>630</ymax>
        </bndbox>
    </object>
    <object>
        <name>start_gate</name>
        <pose>Unspecified</pose>
        <truncated>0</truncated>
        <occluded>0</occluded>
        <difficult>0</difficult>
        <bndbox>
            <xmin>407</xmin>
            <ymin>468</ymin>
            <xmax>1150</xmax>
            <ymax>851</ymax>
        </bndbox>
    </object>
</annotation>