<annotation>
    <folder>approach1_frames</folder>
    <filename>frame115.jpg</filename>
    <size>
        <width>1720</width>
        <height>1080</height>
        <depth>3</depth>
    </size>
    <segmented>0</segmented>
    <object>
        <name>start_tick</name>
        <pose>Unspecified</pose>
        <truncated>0</truncated>
        <occluded>0</occluded>
        <difficult>0</difficult>
        <bndbox>
            <xmin>830</xmin>
            <ymin>405</ymin>
            <xmax>869</xmax>
            <ymax>633</ymax>
        </bndbox>
    </object>
    <object>
        <name>start_gate</name>
        <pose>Unspecified</pose>
        <truncated>0</truncated>
        <occluded>0</occluded>
        <difficult>0</difficult>
        <bndbox>
            <xmin>340</xmin>
            <ymin>440</ymin>
            <xmax>1211</xmax>
            <ymax>890</ymax>
        </bndbox>
    </object>
</annotation>