<annotation>
    <folder>approach1_frames</folder>
    <filename>frame69.jpg</filename>
    <size>
        <width>1720</width>
        <height>1080</height>
        <depth>3</depth>
    </size>
    <segmented>0</segmented>
    <object>
        <name>start_tick</name>
        <pose>Unspecified</pose>
        <truncated>0</truncated>
        <occluded>0</occluded>
        <difficult>0</difficult>
        <bndbox>
            <xmin>1150</xmin>
            <ymin>472</ymin>
            <xmax>1181</xmax>
            <ymax>601</ymax>
        </bndbox>
    </object>
    <object>
        <name>start_gate</name>
        <pose>Unspecified</pose>
        <truncated>0</truncated>
        <occluded>0</occluded>
        <difficult>0</difficult>
        <bndbox>
            <xmin>805</xmin>
            <ymin>464</ymin>
            <xmax>1460</xmax>
            <ymax>777</ymax>
        </bndbox>
    </object>
</annotation>