<annotation>
    <folder>approach1_frames</folder>
    <filename>frame114.jpg</filename>
    <size>
        <width>1720</width>
        <height>1080</height>
        <depth>3</depth>
    </size>
    <segmented>0</segmented>
    <object>
        <name>start_tick</name>
        <pose>Unspecified</pose>
        <truncated>0</truncated>
        <occluded>0</occluded>
        <difficult>0</difficult>
        <bndbox>
            <xmin>830</xmin>
            <ymin>399</ymin>
            <xmax>867</xmax>
            <ymax>632</ymax>
        </bndbox>
    </object>
    <object>
        <name>start_gate</name>
        <pose>Unspecified</pose>
        <truncated>0</truncated>
        <occluded>0</occluded>
        <difficult>0</difficult>
        <bndbox>
            <xmin>336</xmin>
            <ymin>441</ymin>
            <xmax>1214</xmax>
            <ymax>890</ymax>
        </bndbox>
    </object>
</annotation>