<annotation>
    <folder>approach1_frames</folder>
    <filename>frame68.jpg</filename>
    <size>
        <width>1720</width>
        <height>1080</height>
        <depth>3</depth>
    </size>
    <segmented>0</segmented>
    <object>
        <name>start_tick</name>
        <pose>Unspecified</pose>
        <truncated>0</truncated>
        <occluded>0</occluded>
        <difficult>0</difficult>
        <bndbox>
            <xmin>1152</xmin>
            <ymin>443</ymin>
            <xmax>1185</xmax>
            <ymax>589</ymax>
        </bndbox>
    </object>
    <object>
        <name>start_gate</name>
        <pose>Unspecified</pose>
        <truncated>0</truncated>
        <occluded>0</occluded>
        <difficult>0</difficult>
        <bndbox>
            <xmin>806</xmin>
            <ymin>450</ymin>
            <xmax>1454</xmax>
            <ymax>763</ymax>
        </bndbox>
    </object>
</annotation>