<annotation>
    <folder>approach1_frames</folder>
    <filename>frame187.jpg</filename>
    <size>
        <width>1720</width>
        <height>1080</height>
        <depth>3</depth>
    </size>
    <segmented>0</segmented>
    <object>
        <name>start_tick</name>
        <pose>Unspecified</pose>
        <truncated>0</truncated>
        <occluded>0</occluded>
        <difficult>0</difficult>
        <bndbox>
            <xmin>852</xmin>
            <ymin>390</ymin>
            <xmax>911</xmax>
            <ymax>733</ymax>
        </bndbox>
    </object>
    <object>
        <name>start_gate</name>
        <pose>Unspecified</pose>
        <truncated>0</truncated>
        <occluded>0</occluded>
        <difficult>0</difficult>
        <bndbox>
            <xmin>1</xmin>
            <ymin>416</ymin>
            <xmax>1517</xmax>
            <ymax>1080</ymax>
        </bndbox>
    </object>
</annotation>