<annotation>
    <folder>approach1_frames</folder>
    <filename>frame98.jpg</filename>
    <size>
        <width>1720</width>
        <height>1080</height>
        <depth>3</depth>
    </size>
    <segmented>0</segmented>
    <object>
        <name>start_tick</name>
        <pose>Unspecified</pose>
        <truncated>0</truncated>
        <occluded>0</occluded>
        <difficult>0</difficult>
        <bndbox>
            <xmin>776</xmin>
            <ymin>425</ymin>
            <xmax>818</xmax>
            <ymax>622</ymax>
        </bndbox>
    </object>
    <object>
        <name>start_gate</name>
        <pose>Unspecified</pose>
        <truncated>0</truncated>
        <occluded>0</occluded>
        <difficult>0</difficult>
        <bndbox>
            <xmin>347</xmin>
            <ymin>454</ymin>
            <xmax>1105</xmax>
            <ymax>850</ymax>
        </bndbox>
    </object>
</annotation>