<annotation>
    <folder>approach1_frames</folder>
    <filename>frame127.jpg</filename>
    <size>
        <width>1720</width>
        <height>1080</height>
        <depth>3</depth>
    </size>
    <segmented>0</segmented>
    <object>
        <name>start_tick</name>
        <pose>Unspecified</pose>
        <truncated>0</truncated>
        <occluded>0</occluded>
        <difficult>0</difficult>
        <bndbox>
            <xmin>786</xmin>
            <ymin>527</ymin>
            <xmax>836</xmax>
            <ymax>763</ymax>
        </bndbox>
    </object>
    <object>
        <name>start_gate</name>
        <pose>Unspecified</pose>
        <truncated>0</truncated>
        <occluded>0</occluded>
        <difficult>0</difficult>
        <bndbox>
            <xmin>218</xmin>
            <ymin>558</ymin>
            <xmax>1204</xmax>
            <ymax>1059</ymax>
        </bndbox>
    </object>
</annotation>