<annotation>
    <folder>approach1_frames</folder>
    <filename>frame174.jpg</filename>
    <size>
        <width>1720</width>
        <height>1080</height>
        <depth>3</depth>
    </size>
    <segmented>0</segmented>
    <object>
        <name>start_tick</name>
        <pose>Unspecified</pose>
        <truncated>0</truncated>
        <occluded>0</occluded>
        <difficult>0</difficult>
        <bndbox>
            <xmin>845</xmin>
            <ymin>381</ymin>
            <xmax>895</xmax>
            <ymax>686</ymax>
        </bndbox>
    </object>
    <object>
        <name>start_gate</name>
        <pose>Unspecified</pose>
        <truncated>0</truncated>
        <occluded>0</occluded>
        <difficult>0</difficult>
        <bndbox>
            <xmin>52</xmin>
            <ymin>411</ymin>
            <xmax>1410</xmax>
            <ymax>1078</ymax>
        </bndbox>
    </object>
</annotation>