<annotation>
    <folder>approach1_frames</folder>
    <filename>frame179.jpg</filename>
    <size>
        <width>1720</width>
        <height>1080</height>
        <depth>3</depth>
    </size>
    <segmented>0</segmented>
    <object>
        <name>start_tick</name>
        <pose>Unspecified</pose>
        <truncated>0</truncated>
        <occluded>0</occluded>
        <difficult>0</difficult>
        <bndbox>
            <xmin>861</xmin>
            <ymin>396</ymin>
            <xmax>908</xmax>
            <ymax>703</ymax>
        </bndbox>
    </object>
    <object>
        <name>start_gate</name>
        <pose>Unspecified</pose>
        <truncated>0</truncated>
        <occluded>0</occluded>
        <difficult>0</difficult>
        <bndbox>
            <xmin>28</xmin>
            <ymin>419</ymin>
            <xmax>1469</xmax>
            <ymax>1080</ymax>
        </bndbox>
    </object>
</annotation>