<annotation>
    <folder>approach1_frames</folder>
    <filename>frame134.jpg</filename>
    <size>
        <width>1720</width>
        <height>1080</height>
        <depth>3</depth>
    </size>
    <segmented>0</segmented>
    <object>
        <name>start_tick</name>
        <pose>Unspecified</pose>
        <truncated>0</truncated>
        <occluded>0</occluded>
        <difficult>0</difficult>
        <bndbox>
            <xmin>859</xmin>
            <ymin>426</ymin>
            <xmax>915</xmax>
            <ymax>689</ymax>
        </bndbox>
    </object>
    <object>
        <name>start_gate</name>
        <pose>Unspecified</pose>
        <truncated>0</truncated>
        <occluded>0</occluded>
        <difficult>0</difficult>
        <bndbox>
            <xmin>312</xmin>
            <ymin>471</ymin>
            <xmax>1299</xmax>
            <ymax>976</ymax>
        </bndbox>
    </object>
</annotation>