<annotation>
    <folder>approach1_frames</folder>
    <filename>frame77.jpg</filename>
    <size>
        <width>1720</width>
        <height>1080</height>
        <depth>3</depth>
    </size>
    <segmented>0</segmented>
    <object>
        <name>start_tick</name>
        <pose>Unspecified</pose>
        <truncated>0</truncated>
        <occluded>0</occluded>
        <difficult>0</difficult>
        <bndbox>
            <xmin>1152</xmin>
            <ymin>483</ymin>
            <xmax>1184</xmax>
            <ymax>620</ymax>
        </bndbox>
    </object>
    <object>
        <name>start_gate</name>
        <pose>Unspecified</pose>
        <truncated>0</truncated>
        <occluded>0</occluded>
        <difficult>0</difficult>
        <bndbox>
            <xmin>794</xmin>
            <ymin>465</ymin>
            <xmax>1474</xmax>
            <ymax>804</ymax>
        </bndbox>
    </object>
</annotation>