<annotation>
    <folder>approach1_frames</folder>
    <filename>frame95.jpg</filename>
    <size>
        <width>1720</width>
        <height>1080</height>
        <depth>3</depth>
    </size>
    <segmented>0</segmented>
    <object>
        <name>start_tick</name>
        <pose>Unspecified</pose>
        <truncated>0</truncated>
        <occluded>0</occluded>
        <difficult>0</difficult>
        <bndbox>
            <xmin>819</xmin>
            <ymin>431</ymin>
            <xmax>871</xmax>
            <ymax>627</ymax>
        </bndbox>
    </object>
    <object>
        <name>start_gate</name>
        <pose>Unspecified</pose>
        <truncated>0</truncated>
        <occluded>0</occluded>
        <difficult>0</difficult>
        <bndbox>
            <xmin>414</xmin>
            <ymin>472</ymin>
            <xmax>1143</xmax>
            <ymax>846</ymax>
        </bndbox>
    </object>
</annotation>