<annotation>
    <folder>approach1_frames</folder>
    <filename>frame79.jpg</filename>
    <size>
        <width>1720</width>
        <height>1080</height>
        <depth>3</depth>
    </size>
    <segmented>0</segmented>
    <object>
        <name>start_tick</name>
        <pose>Unspecified</pose>
        <truncated>0</truncated>
        <occluded>0</occluded>
        <difficult>0</difficult>
        <bndbox>
            <xmin>1149</xmin>
            <ymin>492</ymin>
            <xmax>1186</xmax>
            <ymax>625</ymax>
        </bndbox>
    </object>
    <object>
        <name>start_gate</name>
        <pose>Unspecified</pose>
        <truncated>0</truncated>
        <occluded>0</occluded>
        <difficult>0</difficult>
        <bndbox>
            <xmin>789</xmin>
            <ymin>474</ymin>
            <xmax>1472</xmax>
            <ymax>803</ymax>
        </bndbox>
    </object>
</annotation>