<annotation>
    <folder>approach1_frames</folder>
    <filename>frame135.jpg</filename>
    <size>
        <width>1720</width>
        <height>1080</height>
        <depth>3</depth>
    </size>
    <segmented>0</segmented>
    <object>
        <name>start_tick</name>
        <pose>Unspecified</pose>
        <truncated>0</truncated>
        <occluded>0</occluded>
        <difficult>0</difficult>
        <bndbox>
            <xmin>863</xmin>
            <ymin>435</ymin>
            <xmax>912</xmax>
            <ymax>685</ymax>
        </bndbox>
    </object>
    <object>
        <name>start_gate</name>
        <pose>Unspecified</pose>
        <truncated>0</truncated>
        <occluded>0</occluded>
        <difficult>0</difficult>
        <bndbox>
            <xmin>306</xmin>
            <ymin>474</ymin>
            <xmax>1309</xmax>
            <ymax>969</ymax>
        </bndbox>
    </object>
</annotation>