<annotation>
    <folder>approach1_frames</folder>
    <filename>frame28.jpg</filename>
    <size>
        <width>1720</width>
        <height>1080</height>
        <depth>3</depth>
    </size>
    <segmented>0</segmented>
    <object>
        <name>start_gate</name>
        <pose>Unspecified</pose>
        <truncated>0</truncated>
        <occluded>0</occluded>
        <difficult>0</difficult>
        <bndbox>
            <xmin>715</xmin>
            <ymin>474</ymin>
            <xmax>1223</xmax>
            <ymax>734</ymax>
        </bndbox>
    </object>
</annotation>