<annotation>
    <folder>approach1_frames</folder>
    <filename>frame146.jpg</filename>
    <size>
        <width>1720</width>
        <height>1080</height>
        <depth>3</depth>
    </size>
    <segmented>0</segmented>
    <object>
        <name>start_tick</name>
        <pose>Unspecified</pose>
        <truncated>0</truncated>
        <occluded>0</occluded>
        <difficult>0</difficult>
        <bndbox>
            <xmin>863</xmin>
            <ymin>437</ymin>
            <xmax>905</xmax>
            <ymax>673</ymax>
        </bndbox>
    </object>
    <object>
        <name>start_gate</name>
        <pose>Unspecified</pose>
        <truncated>0</truncated>
        <occluded>0</occluded>
        <difficult>0</difficult>
        <bndbox>
            <xmin>263</xmin>
            <ymin>458</ymin>
            <xmax>1314</xmax>
            <ymax>989</ymax>
        </bndbox>
    </object>
</annotation>