<annotation>
	<folder>pics</folder>
	<filename>frame256.jpg</filename>
	<path>C:\Users\Matthew\Desktop\pics\frame256.jpg</path>
	<source>
		<database>Unknown</database>
	</source>
	<size>
		<width>1720</width>
		<height>1080</height>
		<depth>3</depth>
	</size>
	<segmented>0</segmented>
	<object>
		<name>start_gate</name>
		<pose>Unspecified</pose>
		<truncated>1</truncated>
		<difficult>0</difficult>
		<bndbox>
			<xmin>1</xmin>
			<ymin>392</ymin>
			<xmax>1718</xmax>
			<ymax>1078</ymax>
		</bndbox>
	</object>
	<object>
		<name>start_tick</name>
		<pose>Unspecified</pose>
		<truncated>0</truncated>
		<difficult>0</difficult>
		<bndbox>
			<xmin>657</xmin>
			<ymin>370</ymin>
			<xmax>800</xmax>
			<ymax>1057</ymax>
		</bndbox>
	</object>
</annotation>
