<annotation>
    <folder>approach1_frames</folder>
    <filename>frame104.jpg</filename>
    <size>
        <width>1720</width>
        <height>1080</height>
        <depth>3</depth>
    </size>
    <segmented>0</segmented>
    <object>
        <name>start_tick</name>
        <pose>Unspecified</pose>
        <truncated>0</truncated>
        <occluded>0</occluded>
        <difficult>0</difficult>
        <bndbox>
            <xmin>736</xmin>
            <ymin>375</ymin>
            <xmax>809</xmax>
            <ymax>611</ymax>
        </bndbox>
    </object>
    <object>
        <name>start_gate</name>
        <pose>Unspecified</pose>
        <truncated>0</truncated>
        <occluded>0</occluded>
        <difficult>0</difficult>
        <bndbox>
            <xmin>304</xmin>
            <ymin>433</ymin>
            <xmax>1104</xmax>
            <ymax>847</ymax>
        </bndbox>
    </object>
</annotation>