<annotation>
    <folder>approach1_frames</folder>
    <filename>frame193.jpg</filename>
    <size>
        <width>1720</width>
        <height>1080</height>
        <depth>3</depth>
    </size>
    <segmented>0</segmented>
    <object>
        <name>start_tick</name>
        <pose>Unspecified</pose>
        <truncated>0</truncated>
        <occluded>0</occluded>
        <difficult>0</difficult>
        <bndbox>
            <xmin>860</xmin>
            <ymin>394</ymin>
            <xmax>912</xmax>
            <ymax>757</ymax>
        </bndbox>
    </object>
    <object>
        <name>start_gate</name>
        <pose>Unspecified</pose>
        <truncated>0</truncated>
        <occluded>0</occluded>
        <difficult>0</difficult>
        <bndbox>
            <xmin>2</xmin>
            <ymin>413</ymin>
            <xmax>1558</xmax>
            <ymax>1079</ymax>
        </bndbox>
    </object>
</annotation>