<annotation>
    <folder>approach1_frames</folder>
    <filename>frame198.jpg</filename>
    <size>
        <width>1720</width>
        <height>1080</height>
        <depth>3</depth>
    </size>
    <segmented>0</segmented>
    <object>
        <name>start_tick</name>
        <pose>Unspecified</pose>
        <truncated>0</truncated>
        <occluded>0</occluded>
        <difficult>0</difficult>
        <bndbox>
            <xmin>874</xmin>
            <ymin>417</ymin>
            <xmax>933</xmax>
            <ymax>793</ymax>
        </bndbox>
    </object>
    <object>
        <name>start_gate</name>
        <pose>Unspecified</pose>
        <truncated>0</truncated>
        <occluded>0</occluded>
        <difficult>0</difficult>
        <bndbox>
            <xmin>1</xmin>
            <ymin>443</ymin>
            <xmax>1623</xmax>
            <ymax>1080</ymax>
        </bndbox>
    </object>
</annotation>