<annotation>
    <folder>approach1_frames</folder>
    <filename>frame171.jpg</filename>
    <size>
        <width>1720</width>
        <height>1080</height>
        <depth>3</depth>
    </size>
    <segmented>0</segmented>
    <object>
        <name>start_tick</name>
        <pose>Unspecified</pose>
        <truncated>0</truncated>
        <occluded>0</occluded>
        <difficult>0</difficult>
        <bndbox>
            <xmin>853</xmin>
            <ymin>381</ymin>
            <xmax>901</xmax>
            <ymax>684</ymax>
        </bndbox>
    </object>
    <object>
        <name>start_gate</name>
        <pose>Unspecified</pose>
        <truncated>0</truncated>
        <occluded>0</occluded>
        <difficult>0</difficult>
        <bndbox>
            <xmin>111</xmin>
            <ymin>410</ymin>
            <xmax>1403</xmax>
            <ymax>1061</ymax>
        </bndbox>
    </object>
</annotation>