<annotation>
    <folder>approach1_frames</folder>
    <filename>frame96.jpg</filename>
    <size>
        <width>1720</width>
        <height>1080</height>
        <depth>3</depth>
    </size>
    <segmented>0</segmented>
    <object>
        <name>start_tick</name>
        <pose>Unspecified</pose>
        <truncated>0</truncated>
        <occluded>0</occluded>
        <difficult>0</difficult>
        <bndbox>
            <xmin>824</xmin>
            <ymin>444</ymin>
            <xmax>870</xmax>
            <ymax>619</ymax>
        </bndbox>
    </object>
    <object>
        <name>start_gate</name>
        <pose>Unspecified</pose>
        <truncated>0</truncated>
        <occluded>0</occluded>
        <difficult>0</difficult>
        <bndbox>
            <xmin>411</xmin>
            <ymin>467</ymin>
            <xmax>1159</xmax>
            <ymax>848</ymax>
        </bndbox>
    </object>
</annotation>