<annotation>
    <folder>approach1_frames</folder>
    <filename>frame85.jpg</filename>
    <size>
        <width>1720</width>
        <height>1080</height>
        <depth>3</depth>
    </size>
    <segmented>0</segmented>
    <object>
        <name>start_tick</name>
        <pose>Unspecified</pose>
        <truncated>0</truncated>
        <occluded>0</occluded>
        <difficult>0</difficult>
        <bndbox>
            <xmin>1118</xmin>
            <ymin>474</ymin>
            <xmax>1155</xmax>
            <ymax>635</ymax>
        </bndbox>
    </object>
    <object>
        <name>start_gate</name>
        <pose>Unspecified</pose>
        <truncated>0</truncated>
        <occluded>0</occluded>
        <difficult>0</difficult>
        <bndbox>
            <xmin>738</xmin>
            <ymin>483</ymin>
            <xmax>1451</xmax>
            <ymax>825</ymax>
        </bndbox>
    </object>
</annotation>