<annotation>
    <folder>approach1_frames</folder>
    <filename>frame43.jpg</filename>
    <size>
        <width>1720</width>
        <height>1080</height>
        <depth>3</depth>
    </size>
    <segmented>0</segmented>
    <object>
        <name>start_gate</name>
        <pose>Unspecified</pose>
        <truncated>0</truncated>
        <occluded>0</occluded>
        <difficult>0</difficult>
        <bndbox>
            <xmin>825</xmin>
            <ymin>369</ymin>
            <xmax>1391</xmax>
            <ymax>646</ymax>
        </bndbox>
    </object>
</annotation>