<annotation>
    <folder>approach1_frames</folder>
    <filename>frame162.jpg</filename>
    <size>
        <width>1720</width>
        <height>1080</height>
        <depth>3</depth>
    </size>
    <segmented>0</segmented>
    <object>
        <name>start_tick</name>
        <pose>Unspecified</pose>
        <truncated>0</truncated>
        <occluded>0</occluded>
        <difficult>0</difficult>
        <bndbox>
            <xmin>851</xmin>
            <ymin>389</ymin>
            <xmax>897</xmax>
            <ymax>673</ymax>
        </bndbox>
    </object>
    <object>
        <name>start_gate</name>
        <pose>Unspecified</pose>
        <truncated>0</truncated>
        <occluded>0</occluded>
        <difficult>0</difficult>
        <bndbox>
            <xmin>161</xmin>
            <ymin>428</ymin>
            <xmax>1362</xmax>
            <ymax>1033</ymax>
        </bndbox>
    </object>
</annotation>