<annotation>
	<folder>pics</folder>
	<filename>frame233.jpg</filename>
	<path>C:\Users\Matthew\Desktop\pics\frame233.jpg</path>
	<source>
		<database>Unknown</database>
	</source>
	<size>
		<width>1720</width>
		<height>1080</height>
		<depth>3</depth>
	</size>
	<segmented>0</segmented>
	<object>
		<name>start_gate</name>
		<pose>Unspecified</pose>
		<truncated>1</truncated>
		<difficult>0</difficult>
		<bndbox>
			<xmin>1</xmin>
			<ymin>395</ymin>
			<xmax>1720</xmax>
			<ymax>1080</ymax>
		</bndbox>
	</object>
	<object>
		<name>start_tick</name>
		<pose>Unspecified</pose>
		<truncated>0</truncated>
		<difficult>0</difficult>
		<bndbox>
			<xmin>883</xmin>
			<ymin>375</ymin>
			<xmax>1023</xmax>
			<ymax>962</ymax>
		</bndbox>
	</object>
</annotation>
