<annotation>
    <folder>approach1_frames</folder>
    <filename>frame90.jpg</filename>
    <size>
        <width>1720</width>
        <height>1080</height>
        <depth>3</depth>
    </size>
    <segmented>0</segmented>
    <object>
        <name>start_tick</name>
        <pose>Unspecified</pose>
        <truncated>0</truncated>
        <occluded>0</occluded>
        <difficult>0</difficult>
        <bndbox>
            <xmin>962</xmin>
            <ymin>451</ymin>
            <xmax>998</xmax>
            <ymax>618</ymax>
        </bndbox>
    </object>
    <object>
        <name>start_gate</name>
        <pose>Unspecified</pose>
        <truncated>0</truncated>
        <occluded>0</occluded>
        <difficult>0</difficult>
        <bndbox>
            <xmin>577</xmin>
            <ymin>471</ymin>
            <xmax>1290</xmax>
            <ymax>831</ymax>
        </bndbox>
    </object>
</annotation>