<annotation>
    <folder>approach1_frames</folder>
    <filename>frame161.jpg</filename>
    <size>
        <width>1720</width>
        <height>1080</height>
        <depth>3</depth>
    </size>
    <segmented>0</segmented>
    <object>
        <name>start_tick</name>
        <pose>Unspecified</pose>
        <truncated>0</truncated>
        <occluded>0</occluded>
        <difficult>0</difficult>
        <bndbox>
            <xmin>848</xmin>
            <ymin>407</ymin>
            <xmax>889</xmax>
            <ymax>675</ymax>
        </bndbox>
    </object>
    <object>
        <name>start_gate</name>
        <pose>Unspecified</pose>
        <truncated>0</truncated>
        <occluded>0</occluded>
        <difficult>0</difficult>
        <bndbox>
            <xmin>173</xmin>
            <ymin>439</ymin>
            <xmax>1349</xmax>
            <ymax>1023</ymax>
        </bndbox>
    </object>
</annotation>