<annotation>
    <folder>approach1_frames</folder>
    <filename>frame121.jpg</filename>
    <size>
        <width>1720</width>
        <height>1080</height>
        <depth>3</depth>
    </size>
    <segmented>0</segmented>
    <object>
        <name>start_tick</name>
        <pose>Unspecified</pose>
        <truncated>0</truncated>
        <occluded>0</occluded>
        <difficult>0</difficult>
        <bndbox>
            <xmin>850</xmin>
            <ymin>459</ymin>
            <xmax>889</xmax>
            <ymax>690</ymax>
        </bndbox>
    </object>
    <object>
        <name>start_gate</name>
        <pose>Unspecified</pose>
        <truncated>0</truncated>
        <occluded>0</occluded>
        <difficult>0</difficult>
        <bndbox>
            <xmin>330</xmin>
            <ymin>489</ymin>
            <xmax>1248</xmax>
            <ymax>953</ymax>
        </bndbox>
    </object>
</annotation>