<annotation>
    <folder>approach1_frames</folder>
    <filename>frame199.jpg</filename>
    <size>
        <width>1720</width>
        <height>1080</height>
        <depth>3</depth>
    </size>
    <segmented>0</segmented>
    <object>
        <name>start_tick</name>
        <pose>Unspecified</pose>
        <truncated>0</truncated>
        <occluded>0</occluded>
        <difficult>0</difficult>
        <bndbox>
            <xmin>884</xmin>
            <ymin>387</ymin>
            <xmax>937</xmax>
            <ymax>784</ymax>
        </bndbox>
    </object>
    <object>
        <name>start_gate</name>
        <pose>Unspecified</pose>
        <truncated>0</truncated>
        <occluded>0</occluded>
        <difficult>0</difficult>
        <bndbox>
            <xmin>1</xmin>
            <ymin>410</ymin>
            <xmax>1657</xmax>
            <ymax>1079</ymax>
        </bndbox>
    </object>
</annotation>