<annotation>
    <folder>approach1_frames</folder>
    <filename>frame181.jpg</filename>
    <size>
        <width>1720</width>
        <height>1080</height>
        <depth>3</depth>
    </size>
    <segmented>0</segmented>
    <object>
        <name>start_tick</name>
        <pose>Unspecified</pose>
        <truncated>0</truncated>
        <occluded>0</occluded>
        <difficult>0</difficult>
        <bndbox>
            <xmin>858</xmin>
            <ymin>390</ymin>
            <xmax>909</xmax>
            <ymax>702</ymax>
        </bndbox>
    </object>
    <object>
        <name>start_gate</name>
        <pose>Unspecified</pose>
        <truncated>0</truncated>
        <occluded>0</occluded>
        <difficult>0</difficult>
        <bndbox>
            <xmin>24</xmin>
            <ymin>419</ymin>
            <xmax>1467</xmax>
            <ymax>1080</ymax>
        </bndbox>
    </object>
</annotation>