<annotation>
    <folder>approach1_frames</folder>
    <filename>frame140.jpg</filename>
    <size>
        <width>1720</width>
        <height>1080</height>
        <depth>3</depth>
    </size>
    <segmented>0</segmented>
    <object>
        <name>start_tick</name>
        <pose>Unspecified</pose>
        <truncated>0</truncated>
        <occluded>0</occluded>
        <difficult>0</difficult>
        <bndbox>
            <xmin>858</xmin>
            <ymin>397</ymin>
            <xmax>925</xmax>
            <ymax>651</ymax>
        </bndbox>
    </object>
    <object>
        <name>start_gate</name>
        <pose>Unspecified</pose>
        <truncated>0</truncated>
        <occluded>0</occluded>
        <difficult>0</difficult>
        <bndbox>
            <xmin>292</xmin>
            <ymin>442</ymin>
            <xmax>1307</xmax>
            <ymax>958</ymax>
        </bndbox>
    </object>
</annotation>