<annotation>
    <folder>approach1_frames</folder>
    <filename>frame122.jpg</filename>
    <size>
        <width>1720</width>
        <height>1080</height>
        <depth>3</depth>
    </size>
    <segmented>0</segmented>
    <object>
        <name>start_tick</name>
        <pose>Unspecified</pose>
        <truncated>0</truncated>
        <occluded>0</occluded>
        <difficult>0</difficult>
        <bndbox>
            <xmin>832</xmin>
            <ymin>511</ymin>
            <xmax>879</xmax>
            <ymax>734</ymax>
        </bndbox>
    </object>
    <object>
        <name>start_gate</name>
        <pose>Unspecified</pose>
        <truncated>0</truncated>
        <occluded>0</occluded>
        <difficult>0</difficult>
        <bndbox>
            <xmin>306</xmin>
            <ymin>545</ymin>
            <xmax>1245</xmax>
            <ymax>1014</ymax>
        </bndbox>
    </object>
</annotation>