<annotation>
    <folder>approach1_frames</folder>
    <filename>frame131.jpg</filename>
    <size>
        <width>1720</width>
        <height>1080</height>
        <depth>3</depth>
    </size>
    <segmented>0</segmented>
    <object>
        <name>start_tick</name>
        <pose>Unspecified</pose>
        <truncated>0</truncated>
        <occluded>0</occluded>
        <difficult>0</difficult>
        <bndbox>
            <xmin>799</xmin>
            <ymin>490</ymin>
            <xmax>834</xmax>
            <ymax>734</ymax>
        </bndbox>
    </object>
    <object>
        <name>start_gate</name>
        <pose>Unspecified</pose>
        <truncated>0</truncated>
        <occluded>0</occluded>
        <difficult>0</difficult>
        <bndbox>
            <xmin>225</xmin>
            <ymin>520</ymin>
            <xmax>1225</xmax>
            <ymax>1039</ymax>
        </bndbox>
    </object>
</annotation>