<annotation>
    <folder>approach1_frames</folder>
    <filename>frame102.jpg</filename>
    <size>
        <width>1720</width>
        <height>1080</height>
        <depth>3</depth>
    </size>
    <segmented>0</segmented>
    <object>
        <name>start_tick</name>
        <pose>Unspecified</pose>
        <truncated>0</truncated>
        <occluded>0</occluded>
        <difficult>0</difficult>
        <bndbox>
            <xmin>735</xmin>
            <ymin>360</ymin>
            <xmax>801</xmax>
            <ymax>601</ymax>
        </bndbox>
    </object>
    <object>
        <name>start_gate</name>
        <pose>Unspecified</pose>
        <truncated>0</truncated>
        <occluded>0</occluded>
        <difficult>0</difficult>
        <bndbox>
            <xmin>307</xmin>
            <ymin>429</ymin>
            <xmax>1105</xmax>
            <ymax>843</ymax>
        </bndbox>
    </object>
</annotation>