<annotation>
    <folder>approach1_frames</folder>
    <filename>frame83.jpg</filename>
    <size>
        <width>1720</width>
        <height>1080</height>
        <depth>3</depth>
    </size>
    <segmented>0</segmented>
    <object>
        <name>start_tick</name>
        <pose>Unspecified</pose>
        <truncated>0</truncated>
        <occluded>0</occluded>
        <difficult>0</difficult>
        <bndbox>
            <xmin>1146</xmin>
            <ymin>468</ymin>
            <xmax>1183</xmax>
            <ymax>626</ymax>
        </bndbox>
    </object>
    <object>
        <name>start_gate</name>
        <pose>Unspecified</pose>
        <truncated>0</truncated>
        <occluded>0</occluded>
        <difficult>0</difficult>
        <bndbox>
            <xmin>777</xmin>
            <ymin>482</ymin>
            <xmax>1476</xmax>
            <ymax>819</ymax>
        </bndbox>
    </object>
</annotation>