<annotation>
	<folder>pics</folder>
	<filename>frame312.jpg</filename>
	<path>C:\Users\Matthew\Desktop\pics\frame312.jpg</path>
	<source>
		<database>Unknown</database>
	</source>
	<size>
		<width>1720</width>
		<height>1080</height>
		<depth>3</depth>
	</size>
	<segmented>0</segmented>
	<object>
		<name>start_gate</name>
		<pose>Unspecified</pose>
		<truncated>1</truncated>
		<difficult>0</difficult>
		<bndbox>
			<xmin>1259</xmin>
			<ymin>1</ymin>
			<xmax>1467</xmax>
			<ymax>1080</ymax>
		</bndbox>
	</object>
</annotation>
