<annotation>
    <folder>approach1_frames</folder>
    <filename>frame151.jpg</filename>
    <size>
        <width>1720</width>
        <height>1080</height>
        <depth>3</depth>
    </size>
    <segmented>0</segmented>
    <object>
        <name>start_tick</name>
        <pose>Unspecified</pose>
        <truncated>0</truncated>
        <occluded>0</occluded>
        <difficult>0</difficult>
        <bndbox>
            <xmin>862</xmin>
            <ymin>428</ymin>
            <xmax>903</xmax>
            <ymax>685</ymax>
        </bndbox>
    </object>
    <object>
        <name>start_gate</name>
        <pose>Unspecified</pose>
        <truncated>0</truncated>
        <occluded>0</occluded>
        <difficult>0</difficult>
        <bndbox>
            <xmin>238</xmin>
            <ymin>457</ymin>
            <xmax>1332</xmax>
            <ymax>1006</ymax>
        </bndbox>
    </object>
</annotation>