<annotation>
    <folder>approach1_frames</folder>
    <filename>frame157.jpg</filename>
    <size>
        <width>1720</width>
        <height>1080</height>
        <depth>3</depth>
    </size>
    <segmented>0</segmented>
    <object>
        <name>start_tick</name>
        <pose>Unspecified</pose>
        <truncated>0</truncated>
        <occluded>0</occluded>
        <difficult>0</difficult>
        <bndbox>
            <xmin>854</xmin>
            <ymin>416</ymin>
            <xmax>893</xmax>
            <ymax>676</ymax>
        </bndbox>
    </object>
    <object>
        <name>start_gate</name>
        <pose>Unspecified</pose>
        <truncated>0</truncated>
        <occluded>0</occluded>
        <difficult>0</difficult>
        <bndbox>
            <xmin>194</xmin>
            <ymin>439</ymin>
            <xmax>1347</xmax>
            <ymax>1022</ymax>
        </bndbox>
    </object>
</annotation>