<annotation>
    <folder>approach1_frames</folder>
    <filename>frame123.jpg</filename>
    <size>
        <width>1720</width>
        <height>1080</height>
        <depth>3</depth>
    </size>
    <segmented>0</segmented>
    <object>
        <name>start_tick</name>
        <pose>Unspecified</pose>
        <truncated>0</truncated>
        <occluded>0</occluded>
        <difficult>0</difficult>
        <bndbox>
            <xmin>836</xmin>
            <ymin>501</ymin>
            <xmax>880</xmax>
            <ymax>740</ymax>
        </bndbox>
    </object>
    <object>
        <name>start_gate</name>
        <pose>Unspecified</pose>
        <truncated>0</truncated>
        <occluded>0</occluded>
        <difficult>0</difficult>
        <bndbox>
            <xmin>300</xmin>
            <ymin>539</ymin>
            <xmax>1262</xmax>
            <ymax>1014</ymax>
        </bndbox>
    </object>
</annotation>