<annotation>
    <folder>approach1_frames</folder>
    <filename>frame116.jpg</filename>
    <size>
        <width>1720</width>
        <height>1080</height>
        <depth>3</depth>
    </size>
    <segmented>0</segmented>
    <object>
        <name>start_tick</name>
        <pose>Unspecified</pose>
        <truncated>0</truncated>
        <occluded>0</occluded>
        <difficult>0</difficult>
        <bndbox>
            <xmin>825</xmin>
            <ymin>395</ymin>
            <xmax>872</xmax>
            <ymax>633</ymax>
        </bndbox>
    </object>
    <object>
        <name>start_gate</name>
        <pose>Unspecified</pose>
        <truncated>0</truncated>
        <occluded>0</occluded>
        <difficult>0</difficult>
        <bndbox>
            <xmin>338</xmin>
            <ymin>445</ymin>
            <xmax>1213</xmax>
            <ymax>894</ymax>
        </bndbox>
    </object>
</annotation>