<annotation>
    <folder>approach1_frames</folder>
    <filename>frame91.jpg</filename>
    <size>
        <width>1720</width>
        <height>1080</height>
        <depth>3</depth>
    </size>
    <segmented>0</segmented>
    <object>
        <name>start_tick</name>
        <pose>Unspecified</pose>
        <truncated>0</truncated>
        <occluded>0</occluded>
        <difficult>0</difficult>
        <bndbox>
            <xmin>961</xmin>
            <ymin>456</ymin>
            <xmax>998</xmax>
            <ymax>617</ymax>
        </bndbox>
    </object>
    <object>
        <name>start_gate</name>
        <pose>Unspecified</pose>
        <truncated>0</truncated>
        <occluded>0</occluded>
        <difficult>0</difficult>
        <bndbox>
            <xmin>577</xmin>
            <ymin>469</ymin>
            <xmax>1286</xmax>
            <ymax>826</ymax>
        </bndbox>
    </object>
</annotation>