<annotation>
    <folder>approach1_frames</folder>
    <filename>frame75.jpg</filename>
    <size>
        <width>1720</width>
        <height>1080</height>
        <depth>3</depth>
    </size>
    <segmented>0</segmented>
    <object>
        <name>start_tick</name>
        <pose>Unspecified</pose>
        <truncated>0</truncated>
        <occluded>0</occluded>
        <difficult>0</difficult>
        <bndbox>
            <xmin>1150</xmin>
            <ymin>479</ymin>
            <xmax>1180</xmax>
            <ymax>625</ymax>
        </bndbox>
    </object>
    <object>
        <name>start_gate</name>
        <pose>Unspecified</pose>
        <truncated>0</truncated>
        <occluded>0</occluded>
        <difficult>0</difficult>
        <bndbox>
            <xmin>787</xmin>
            <ymin>462</ymin>
            <xmax>1474</xmax>
            <ymax>799</ymax>
        </bndbox>
    </object>
</annotation>