<annotation>
    <folder>approach1_frames</folder>
    <filename>frame139.jpg</filename>
    <size>
        <width>1720</width>
        <height>1080</height>
        <depth>3</depth>
    </size>
    <segmented>0</segmented>
    <object>
        <name>start_tick</name>
        <pose>Unspecified</pose>
        <truncated>0</truncated>
        <occluded>0</occluded>
        <difficult>0</difficult>
        <bndbox>
            <xmin>864</xmin>
            <ymin>390</ymin>
            <xmax>913</xmax>
            <ymax>655</ymax>
        </bndbox>
    </object>
    <object>
        <name>start_gate</name>
        <pose>Unspecified</pose>
        <truncated>0</truncated>
        <occluded>0</occluded>
        <difficult>0</difficult>
        <bndbox>
            <xmin>293</xmin>
            <ymin>443</ymin>
            <xmax>1319</xmax>
            <ymax>961</ymax>
        </bndbox>
    </object>
</annotation>