<annotation>
    <folder>approach1_frames</folder>
    <filename>frame100.jpg</filename>
    <size>
        <width>1720</width>
        <height>1080</height>
        <depth>3</depth>
    </size>
    <segmented>0</segmented>
    <object>
        <name>start_tick</name>
        <pose>Unspecified</pose>
        <truncated>0</truncated>
        <occluded>0</occluded>
        <difficult>0</difficult>
        <bndbox>
            <xmin>748</xmin>
            <ymin>366</ymin>
            <xmax>802</xmax>
            <ymax>610</ymax>
        </bndbox>
    </object>
    <object>
        <name>start_gate</name>
        <pose>Unspecified</pose>
        <truncated>0</truncated>
        <occluded>0</occluded>
        <difficult>0</difficult>
        <bndbox>
            <xmin>326</xmin>
            <ymin>439</ymin>
            <xmax>1093</xmax>
            <ymax>837</ymax>
        </bndbox>
    </object>
</annotation>