<annotation>
    <folder>approach1_frames</folder>
    <filename>frame145.jpg</filename>
    <size>
        <width>1720</width>
        <height>1080</height>
        <depth>3</depth>
    </size>
    <segmented>0</segmented>
    <object>
        <name>start_tick</name>
        <pose>Unspecified</pose>
        <truncated>0</truncated>
        <occluded>0</occluded>
        <difficult>0</difficult>
        <bndbox>
            <xmin>861</xmin>
            <ymin>433</ymin>
            <xmax>906</xmax>
            <ymax>675</ymax>
        </bndbox>
    </object>
    <object>
        <name>start_gate</name>
        <pose>Unspecified</pose>
        <truncated>0</truncated>
        <occluded>0</occluded>
        <difficult>0</difficult>
        <bndbox>
            <xmin>262</xmin>
            <ymin>457</ymin>
            <xmax>1316</xmax>
            <ymax>986</ymax>
        </bndbox>
    </object>
</annotation>